"HYBAS_ID","Australasian.Darter","Australian.Pelican","Grey.Teal","Intermediate.Egret","Australasian.Grebe","Azure.Kingfisher","Caspian.Tern","Eastern.Reef.Egret","Green.Pygmy.goose","Lesser.Crested.Tern","Little.Egret","Little.Tern","Nankeen.Night.Heron","Pacific.Black.Duck","Pied.Cormorant","Pied.Heron","Pink.eared.Duck","Royal.Spoonbill","Striated.Heron","Wandering.Whistling.Duck","Whiskered.Tern","White.necked.Heron","Yellow.billed.Spoonbill","White.winged.Black.Tern","Hardhead","Little.Pied.Cormorant","Little.Black.Cormorant","Great.billed.Heron","Black.Swan","Chestnut.Teal","Radjah.Shelduck","Dusky.Moorhen","Eurasian.Coot","Great.Cormorant","Hoary.headed.Grebe","Magpie.Goose","Black.Bittern","Little.Kingfisher","White.browed.Crake","Cotton.Pygmy.goose","Northern.Mallard","Australasian.Shoveler","Australasian.Bittern","Agricultural_Water_Stress","Aquaculture_Pressure","Consumptive_Water_Loss","Cropland","Fishing_Pressure","Human_Water_Stress","Impervious_Surfaces","Livestock_Density","Mercury_Deposition","Nitrogen_Loading","Organic_Loading","Pesticide_Loading","Phosphorus_Loading","Potential_Acidification","Sediment_Loading","Soil_Salinisation","Thermal_Alteration","Wetland_Disconnectivity","ele_mt_sav","tmp_dc_syr","pre_mm_syr","ire_pc_sse","X","Y"
5080065070,1,1,1,1,0,0,0,0,0,0,0,0,0,0,0,0,0,0,0,0,0,0,0,0,0,0,0,0,0,0,0,0,0,0,0,0,0,0,0,0,0,0,0,0,0.514299988746643,0,0,0,0,0,0,0.698300004005432,0,0,0,0.432099997997284,0,0,0,0,0,5,266,989,0,138.174629685257,-16.7084400775794
5080065080,1,1,1,1,1,1,1,1,1,1,1,1,1,1,1,1,1,1,1,1,1,1,0,0,0,0,0,0,0,0,0,0,0,0,0,0,0,0,0,0,0,0,0,0,0.514299988746643,0,0,0,0,0,0,0.698300004005432,0,0,0,0.432099997997284,0,0,0,0,0,10,265,965,0,138.273991497539,-16.8664389191354
5080065150,0,1,0,0,0,0,0,0,0,0,1,1,0,0,1,0,0,0,0,0,0,0,0,0,0,0,0,0,0,0,0,0,0,0,0,0,0,0,0,0,0,0,0,0,0.359400004148483,0,0,0.277099996805191,0,0,0.0971999987959862,0.650799989700317,0,0,0,0.392300009727478,0,0,0,0,0,6,264,1029,0,138.625218725248,-16.8851918956273
5080065190,1,1,0,1,0,0,1,0,0,0,1,0,0,0,0,0,0,0,1,0,0,0,0,0,0,0,0,0,0,0,0,0,0,0,0,0,0,0,0,0,0,0,0,0,0.359400004148483,0,0,0.277099996805191,0,0,0.0971999987959862,0.650799989700317,0,0,0,0.392300009727478,0,0,0,0,0,7,264,1041,0,138.812119910884,-16.9632698833363
5080065220,0,1,0,1,0,0,0,0,0,0,1,0,0,1,1,0,1,1,0,0,0,1,1,0,0,0,0,0,0,0,0,0,0,0,0,0,0,0,0,0,0,0,0,0,0.359400004148483,0,0,0.277099996805191,0,0,0.194399997591972,0.650799989700317,0,0,0,0.392300009727478,0,0,0,0,0,16,263,991,0,138.835899856384,-17.1155291455848
5080065230,0,0,0,0,0,0,0,1,0,1,1,1,0,0,1,0,0,0,0,0,0,0,0,1,0,0,0,0,0,0,0,0,0,0,0,0,0,0,0,0,0,0,0,0,0.512750014662743,0,0,0.45924998819828,0.217700004577637,0,0.0971999987959862,0.729849994182587,0,0.0044999998062849,0,0.470400005578995,0,0,0,0.086499996483326,0,8,264,1018,0,139.106163578637,-17.1125694268967
5080065320,0,1,0,0,0,0,0,0,0,0,0,0,0,0,1,0,0,0,0,0,0,0,0,0,0,0,0,0,0,0,0,0,0,0,0,0,0,0,0,0,0,0,0,0,0.666100025177002,0,0,0.64139997959137,0.435400009155273,0,0.194399997591972,0.808899998664856,0,0.00899999961256981,0,0.548500001430511,0,0,0,0.172999992966652,0,5,264,919,0,139.22145826149,-17.3921213518113
5080065420,0,1,1,0,0,0,0,0,0,0,0,0,0,1,1,0,0,1,0,0,0,0,0,0,1,0,0,0,0,0,0,0,0,0,0,0,0,0,0,0,0,0,0,0,0.593800008296967,0.0130500001832843,0,0.510300010442734,0,0.0412999987602234,0.187600001692772,0.870149999856949,0.186499997973442,0.0986500009894371,0,0.643600016832352,0,0,0,0.398349985480309,0.0229499991983175,6,264,821,0,139.452292699445,-17.6884987404462
5080065430,1,1,0,0,0,0,1,0,0,0,1,1,0,0,1,0,0,1,0,0,0,0,0,0,0,1,0,0,0,0,0,0,0,0,0,0,0,0,0,0,0,0,0,0,0.561900019645691,0.0261000003665686,0,0.430299997329712,0,0.0825999975204468,0.184200003743172,0.903900027275085,0.372999995946884,0.197300001978874,0,0.70880001783371,0,0,0,0.600799977779388,0.0458999983966351,0,265,868,0,139.689482625041,-17.5569714831633
5080065550,1,1,0,0,0,0,1,0,0,1,1,1,0,0,1,0,0,1,1,0,0,0,0,0,0,0,1,0,0,0,0,0,0,0,0,0,0,0,0,0,0,0,0,0,0.522000014781952,0.0261000003665686,0,0.558499991893768,0,0,0.184200003743172,0.468899995088577,0.189600005745888,0,0,0.329100012779236,0,0,0,0,0,0,268,832,0,140.350212250711,-17.6825848048712
5080065570,1,1,0,0,0,0,1,0,0,0,1,1,0,1,1,0,0,1,0,0,0,0,0,1,0,0,1,0,0,0,0,0,0,0,0,0,0,0,0,0,0,0,0,0,0.606450021266937,0.0261000003665686,0,0.593250006437302,0,0,0.184200003743172,0.677799984812737,0.0948000028729439,0,0.0275500006973743,0.476249992847443,0,0,0,0.023700000718236,0,1,269,844,0,140.552338682968,-17.6428833612005
5080065590,0,1,1,0,0,0,1,0,0,1,1,1,1,0,1,1,0,0,1,0,0,0,0,0,0,0,0,1,0,0,0,0,0,0,0,0,0,0,0,0,0,0,0,0,0.690900027751923,0.0261000003665686,0,0.628000020980835,0,0,0.184200003743172,0.886699974536896,0,0,0.0551000013947487,0.623399972915649,0,0,0,0.0474000014364719,0,1,270,865,0,140.668631641152,-17.5491228295284
5080065610,1,1,1,1,1,0,1,0,1,1,1,1,0,1,1,1,0,1,1,1,0,1,1,0,1,1,1,1,1,1,1,0,0,0,0,0,0,0,0,0,0,0,0,0,0.690900027751923,0.0261000003665686,0,0.628000020980835,0,0,0.189300000667572,0.886699974536896,0,0,0.0551000013947487,0.623399972915649,0,0,0,0.0474000014364719,0,1,271,875,0,140.779887315053,-17.4963393988211
5080065630,0,1,0,1,1,0,1,0,1,0,1,1,0,1,1,0,0,1,1,1,1,0,0,0,1,1,1,1,0,0,0,0,0,0,0,0,0,0,0,0,0,0,0,0,0.690900027751923,0.0261000003665686,0,0.628000020980835,0,0,0.189300000667572,0.886699974536896,0,0,0.0551000013947487,0.623399972915649,0,0,0,0.0474000014364719,0,2,271,868,0,140.841175884471,-17.5235499215672
5080065640,1,1,1,1,1,0,1,1,1,1,1,1,1,1,1,1,1,1,1,1,1,1,1,0,1,1,1,1,0,0,1,1,1,1,1,1,0,0,0,0,0,0,0,0,0.542850017547607,0.0393500002101064,0,0.487650007009506,0,0,0.190999999642372,0.76324999332428,0,0,0.0275500006973743,0.495499983429909,0,0,0,0.023700000718236,0,3,271,892,0,140.908729145803,-17.4059641452373
5080065720,1,1,1,0,1,0,0,0,0,0,1,0,0,1,0,0,0,0,0,0,0,1,0,0,1,1,1,0,0,0,1,0,1,0,0,1,0,0,0,0,0,0,0,0.132800002892812,0.593166669209798,0.0262333334734042,0.00193333330874642,0.547999997933706,0,0,0.194399997591972,0.703533331553141,0,0,0.235966672499975,0.374099999666214,0.0322333325942357,0,0,0.023666667441527,0,14,271,942,0,141.260285159252,-17.0805616554817
5080065730,1,1,0,0,0,0,0,0,0,0,0,0,0,0,0,0,0,0,1,0,0,0,0,0,0,0,0,0,0,0,1,0,0,0,0,0,0,0,0,0,0,0,0,0,0.566900014877319,0.0263000000268221,0,0.538800001144409,0,0,0.145799998193979,0.679800003767014,0,0,0.156650006771088,0.365299999713898,0.0483499988913536,0,0,0.0274500008672476,0,3,271,974,0,141.059599613561,-16.9762741813348
5080065760,0,1,0,0,0,0,0,0,0,0,1,0,0,0,0,0,0,0,0,0,0,0,0,0,0,0,0,0,0,0,0,0,0,0,0,0,0,0,0,0,0,0,0,0.398400008678436,0.645699977874756,0.0261000003665686,0.00579999992623925,0.566399991512299,0,0,0.194399997591972,0.750999987125397,0,0,0.394600003957748,0.391699999570847,0,0,0,0.016100000590086,0,14,271,965,0,141.322427331112,-16.9430691984462
5080065770,1,1,0,0,0,0,1,0,0,0,1,1,0,1,1,0,0,1,0,0,0,0,0,0,0,0,0,0,0,0,1,0,0,0,0,0,0,0,0,0,0,0,0,0,0.739000022411346,0,0,0.730300009250641,0,0,0.194399997591972,0.719799995422363,0,0,0.313300013542175,0.363000005483627,0.0966999977827072,0,0,0.0549000017344952,0,3,271,1013,0,141.163864877656,-16.7457982539444
5080065860,1,1,1,1,1,0,0,0,0,0,1,1,0,1,1,0,1,1,0,0,0,0,0,0,0,1,1,0,0,0,1,0,0,0,0,1,0,0,0,0,0,0,0,0,0.51010000705719,0.0261000003665686,0,0.49219998717308,0,0,0.187600001692772,0.653299987316132,0,0,0,0.309899985790253,0.206499993801117,0,0,0,0,7,270,1089,0,141.492262374812,-16.2199220374224
5080065930,0,1,0,0,0,0,1,0,0,0,0,0,0,0,0,0,0,0,0,0,0,0,0,0,0,0,0,0,0,0,0,0,0,0,0,0,0,0,0,0,0,0,0,0,0.446700006723404,0.0261000003665686,0,0.442099988460541,0,0,0.190999999642372,0.624000012874603,0,0,0,0.394499987363815,0,0,0,0,0,6,269,1208,0,141.47527618558,-15.5803457734592
5080065940,0,0,1,0,0,0,0,0,0,0,0,0,0,0,0,0,1,0,0,0,0,1,0,0,0,0,0,0,0,0,0,0,0,0,0,0,0,0,0,0,0,0,0,0,0.631800010800362,0.0130500001832843,0,0.642250001430511,0,0.0696500018239021,0.189300000667572,0.575850009918213,0.00620000017806888,0.0121499998494983,0.171900004148483,0.354749992489815,0.010499999858439,0.0047499998472631,0,0,0,9,269,1199,0,141.623240178946,-15.5631359755012
5080065950,1,1,0,0,0,0,1,0,0,0,1,0,0,0,1,0,0,1,0,0,0,0,0,0,0,0,0,0,0,0,0,0,0,0,0,0,0,0,0,0,0,0,0,0,0.816900014877319,0,0,0.842400014400482,0,0.139300003647804,0.184200003743172,0.527700006961823,0.0124000003561378,0.0242999996989965,0.343800008296967,0.314999997615814,0.0209999997168779,0.0094999996945262,0,0,0,6,269,1232,0,141.545306652318,-15.4094445604819
5080065990,0,1,0,0,0,0,1,0,0,0,1,1,0,0,1,0,0,0,0,0,0,0,0,0,0,0,0,0,0,0,0,0,0,0,0,0,0,0,0,0,0,0,0,0,0.816900014877319,0,0,0.842400014400482,0,0.139300003647804,0.184200003743172,0.527700006961823,0.0124000003561378,0.0242999996989965,0.343800008296967,0.314999997615814,0.0209999997168779,0.0094999996945262,0,0,0,4,268,1257,0,141.661673883296,-15.1712053533975
5080066010,1,1,0,1,0,0,0,0,0,0,0,0,0,0,0,0,0,0,0,0,0,0,0,0,0,0,1,1,0,0,0,0,0,0,0,0,0,0,0,0,0,0,0,0,0.816900014877319,0,0,0.842400014400482,0,0.139300003647804,0.184200003743172,0.527700006961823,0.0124000003561378,0.0242999996989965,0.343800008296967,0.314999997615814,0.0209999997168779,0.0094999996945262,0,0,0,5,268,1258,0,141.718732255309,-15.1213654986671
5080066020,0,1,0,1,0,0,1,0,0,0,1,1,1,0,1,1,0,1,1,0,0,0,0,1,0,0,0,0,0,0,0,0,0,0,0,0,1,1,0,0,0,0,0,0,0.718549996614456,0.0130500001832843,0,0.737250000238419,0,0.121750000864267,0.189300000667572,0.555550009012222,0.00620000017806888,0.0121499998494983,0.35665000975132,0.286449998617172,0.010499999858439,0.0047499998472631,0,0.0322499983012676,0,9,268,1267,0,141.769606819002,-15.0301193754553
5080066050,0,1,0,1,0,1,1,0,0,0,1,0,1,0,0,1,0,1,1,0,1,0,0,0,0,0,0,1,0,0,1,0,0,0,0,1,0,1,1,0,0,0,0,0.495599985122681,0.557200014591217,0.0711999982595444,0.144500002264977,0.572499990463257,0,0,0.194399997591972,0.543900012969971,0,0,0.415899991989136,0.260399997234344,0,0,0,0,0,34,266,1262,0,142.033539425566,-14.8389966859888
5080066060,1,1,1,1,1,1,1,0,1,1,1,1,1,1,1,1,0,1,1,1,1,0,0,1,0,1,1,1,0,0,1,0,0,1,0,1,1,0,1,0,0,0,0,0,0.620199978351593,0.0261000003665686,0,0.632099986076355,0,0.10419999808073,0.194399997591972,0.583400011062622,0,0,0.369500011205673,0.25789999961853,0,0,0,0.0644999966025352,0,8,268,1312,0,141.67080525173,-14.8252801507587
5080066120,0,1,0,1,0,0,1,0,0,0,1,1,0,1,0,0,0,1,1,0,0,0,0,0,0,1,0,1,0,0,1,0,0,0,0,0,0,1,0,0,0,0,0,0.400100000202656,0.549500003457069,0.0538249993696809,0.13752499781549,0.560424990952015,0,0.0260499995201826,0.191550001502037,0.573675006628036,0,0,0.396499998867512,0.221675001084805,0,0,0,0.0161249991506338,0,15,267,1363,0,141.690124393987,-14.4569121309821
5080066190,1,1,0,1,0,0,0,1,1,1,1,0,1,1,1,1,0,1,0,0,1,0,0,0,0,1,1,1,0,0,1,0,0,1,0,1,0,1,0,0,0,0,0,0.449999988079071,0.668200016021729,0,0.109300002455711,0.67960000038147,0,0,0.184200003743172,0.520900011062622,0,0,0.289799988269806,0.219799995422363,0.0394000001251698,0,0,0.062899999320507,0,16,267,1493,0,141.663325839516,-13.8120137449564
5080066270,0,0,0,0,0,0,0,0,0,0,1,0,0,1,0,0,0,0,0,0,0,0,0,0,0,0,0,0,0,0,1,0,0,0,0,0,0,0,0,0,0,0,0,0.312533328930537,0.622733354568481,0.0136333331465721,0.0893999983867009,0.639866669972738,0,0.0370666657884916,0.184200003743172,0.512866675853729,0,0,0.2789333264033,0.212500000993411,0.0351333332558473,0,0,0.0871999983986219,0,34,266,1515,0,141.875740832344,-13.6490708512379
5080066330,1,0,1,1,1,1,0,0,1,0,1,0,1,1,0,1,0,1,0,0,1,0,0,0,1,1,1,1,0,0,1,0,0,0,0,1,0,0,1,0,0,0,0,0,0.579500019550323,0,0,0.606400012969971,0,0.111199997365475,0.184200003743172,0.513300001621246,0,0,0.233300000429153,0.200200006365776,0,0,0,0.124399997293949,0,8,268,1613,0,141.718853927384,-13.3487646848001
5080066370,1,1,1,1,0,0,1,1,0,1,1,0,1,1,0,1,0,1,1,0,0,1,0,0,0,1,0,0,0,0,1,0,0,0,0,1,0,0,0,0,0,0,0,0.39214999973774,0.539099998772144,0.0505749988369644,0.130725000984967,0.406275004148483,0.1110749989748,0.11527500115335,0.138150002807379,0.461425006389618,0,0.0168999992311001,0.293799996376038,0.188800003379583,0,0.0105999996885657,0,0.204625004902482,0.0465250015258789,31,266,1757,0,141.906364242664,-12.8821728805365
5080066480,1,1,1,1,1,1,1,1,1,1,1,1,1,1,1,1,1,1,1,1,1,1,1,1,1,1,1,1,0,0,1,0,1,1,0,1,1,1,1,0,0,0,0,0.509799987077713,0.54959999024868,0.0806999979540706,0.165349999442697,0.260399997234344,0.2221499979496,0.174950003623962,0.0921000018715858,0.421200007200241,0,0.0337999984622002,0.323849990963936,0.182050004601479,0,0.0211999993771315,0,0.34705001115799,0.0930500030517578,24,267,1824,0,141.933412891308,-12.660611815695
5080066500,1,1,1,1,1,1,0,1,1,1,1,1,1,1,1,1,0,1,1,0,1,1,1,1,0,1,1,1,0,0,1,0,1,0,0,1,0,0,0,0,0,0,0,0,0.495599985122681,0,0,0,0,0.0825999975204468,0,0.452899992465973,0,0,0,0.19149999320507,0,0,0,0,0,20,267,1794,0,141.815530719917,-12.3570581711358
5080066630,0,0,0,0,0,0,0,0,0,0,0,0,0,0,0,0,0,1,0,0,0,0,1,0,0,0,0,0,0,0,0,0,0,0,0,0,0,0,0,0,0,0,0,0.267500013113022,0.493999987840652,0,0.0912000015377998,0.261700004339218,0,0.0412999987602234,0.0921000018715858,0.436299994587898,0,0,0.134250000119209,0.214299999177456,0,0,0,0,0.0608999989926815,33,266,1800,0,142.064089833874,-12.3139933647971
5080066710,0,1,1,1,0,0,0,1,0,1,1,1,0,0,1,0,0,1,0,0,0,0,0,0,0,1,1,0,0,0,1,0,0,0,0,1,0,0,0,0,0,0,0,0.178333342075348,0.496666649977366,0,0.0608000010251999,0.354399998982747,0,0.0275333325068156,0.0932250022888184,0.418799996376038,0,0,0.0895000000794729,0.227033331990242,0.0699333349863688,0,0,0,0.0405999993284543,23,265,1746,0,142.066739093744,-11.8371570413128
5080066830,0,0,0,0,0,1,0,0,0,0,1,0,0,0,0,0,0,0,1,0,0,0,0,0,0,0,0,0,0,0,0,0,0,0,0,1,0,0,0,0,0,0,0,0,0.504299998283386,0,0,0.543900012969971,0.391099989414215,0,0.194399997591972,0.371300011873245,0,0.00540000014007092,0,0.628899991512299,0.204099997878075,0.008500000461936,0,0,0,17,265,1695,0,142.142421917261,-11.2679766865016
5080066870,0,0,0,0,0,0,0,0,1,0,0,0,0,0,0,0,0,0,0,0,0,0,0,0,0,0,0,0,0,0,0,0,0,0,0,0,0,0,0,0,0,0,0,0,0.505924999713898,0,0,0.546849995851517,0.195949994027615,0,0.15324000120163,0.339200004935265,0,0.00315000000409782,0,0.292424999177456,0.200699999928474,0.00722500029951334,0,0,0,76,262,1746,0,142.52875564359,-11.3162252011796
5080066880,1,1,1,1,1,1,1,1,1,1,1,1,1,1,1,1,0,1,1,0,0,1,0,0,0,1,1,0,0,0,1,0,0,1,0,1,1,1,0,0,0,0,0,0,0.508700013160706,0,0,0.551849991083145,0.196349993348122,0,0.191550001502037,0.300850003957748,0,0.00359999993816018,0,0.144150003790855,0.194449998438358,0.0102000003680587,0,0,0,40,263,1732,0,142.637952926016,-11.2697708834872
5080067100,0,0,0,0,0,0,0,1,0,0,0,0,0,0,0,0,0,0,1,0,0,0,0,0,0,0,0,0,0,0,0,0,0,0,0,0,0,0,0,0,0,0,0,0.425599992275238,0.559300005435944,0,0.0502999983727932,0,0,0,0,0.114900000393391,0,0,0.0535000003874302,0.0333000011742115,0.0776000022888184,0,0,0,0.194399997591972,63,259,1745,0,143.144749678432,-12.3676137878427
5080067130,0,1,0,0,0,1,1,0,0,1,0,0,0,0,0,0,0,0,0,0,0,0,0,0,0,0,0,0,0,0,0,0,0,0,0,0,0,1,0,0,0,0,0,0.399119991064072,0.551400005817413,0,0.120840000361204,0.34099999666214,0,0.00681999996304512,0.110520002245903,0.279460002481937,0,0,0.24618000164628,0.144179997593164,0.135800002515316,0,0,0,0.0388799995183945,171,254,1805,0,143.091748194038,-12.7436176127525
5080067140,1,0,1,1,1,1,1,1,1,1,1,1,1,1,1,1,0,1,1,0,0,0,1,1,0,1,1,0,0,0,1,0,0,1,0,1,1,1,1,0,0,0,0,0,0.603799998760223,0,0,0,0,0.0340999998152256,0,0.282200008630753,0,0,0.26460000872612,0.161300003528595,0.175600007176399,0,0,0,0,75,257,1835,0,143.309059255405,-12.7386336251574
5080067180,0,0,0,0,0,0,0,1,0,0,1,0,0,0,0,0,0,0,1,0,0,0,0,0,0,0,0,0,0,0,1,0,0,0,0,0,0,0,0,0,0,0,0,0.241150006651878,0.591500014066696,0,0.0687500014901161,0.302799999713898,0,0.0170499999076128,0.0921000018715858,0.330350011587143,0,0,0.305299997329712,0.173849999904633,0.133000005036592,0,0,0,0,109,256,1669,0,143.377707474585,-13.1065583407833
5080067190,1,1,0,1,0,1,1,1,1,0,1,0,1,1,1,1,0,0,1,1,1,1,0,0,0,0,0,1,0,0,1,0,0,0,0,1,0,1,0,0,0,0,0,0.420479995012283,0.543819999694824,0.0186999998986721,0.148019997775555,0.441439998149872,0,0.00681999996304512,0.139275003224611,0.359220007061958,0,0,0.308419999480248,0.159159997850657,0.053200002014637,0,0,0.0263799995183945,0.0560199975967407,112,257,1431,0,143.468284055486,-13.6425188599748
5080067350,1,1,0,1,0,1,1,1,1,1,1,1,1,1,1,1,0,1,1,1,0,0,0,1,0,0,1,0,0,0,1,0,0,0,0,1,0,0,0,0,0,0,0,0.532766660054525,0.558999995390574,0.0311666664977868,0.216366661091646,0.589999993642171,0,0,0.190600002805392,0.3699000030756,0,0,0.372566665212313,0.166533327351014,0.0650333315134048,0,0,0,0.176066661874453,58,260,1274,0,143.620689670322,-14.3058313967342
5080067420,0,0,0,1,0,0,1,0,0,0,1,0,1,0,0,1,0,0,0,0,0,0,0,0,0,0,0,0,0,0,1,0,0,0,0,0,0,0,0,0,0,0,0,0.532399992148081,0.530500004688899,0.0272666662931442,0.195433331032594,0.561466654141744,0,0,0.191550001502037,0.325633332133293,0,0,0.336933329701424,0.18773332859079,0.0650333315134048,0,0,0,0.176066661874453,6,262,1180,0,144.080386385028,-14.5469376527447
5080067470,0,1,0,1,0,0,0,0,0,0,1,0,1,0,0,0,0,0,0,0,0,0,0,0,0,0,0,0,0,0,0,0,0,0,0,0,0,0,0,0,0,0,0,0.533999994397163,0.542850002646446,0.0204499997198582,0.194899998605251,0.567350000143051,0,0,0.192500000198682,0.359649986028671,0,0,0.384250000119209,0.277049995958805,0.0752499997615814,0,0,0,0.0909499973058701,51,259,1198,0,144.349271694842,-14.596924857854
5080067520,0,0,0,0,0,0,0,0,0,0,1,0,0,0,0,0,0,0,0,0,0,1,0,0,0,0,0,0,0,0,1,0,0,0,0,0,0,0,0,0,0,0,0,0.601599991321564,0.468600004911423,0.0408999994397163,0.259499996900558,0.479099988937378,0,0,0.190600002805392,0.363599985837936,0,0,0.388799995183945,0.248099997639656,0,0,0,0,0,88,256,1285,0,144.452024361294,-14.3787053102288
5080067530,1,1,0,0,0,1,1,1,1,1,1,1,1,1,1,0,0,0,1,1,0,0,0,0,0,0,0,0,0,0,1,0,0,0,0,0,0,0,0,0,0,0,0,0.533999994397163,0.542850002646446,0.0204499997198582,0.194899998605251,0.567350000143051,0,0,0.191550001502037,0.359649986028671,0,0,0.384250000119209,0.277049995958805,0.0752499997615814,0,0,0,0.0909499973058701,98,256,1297,0,144.550874548279,-14.4349721965484
5080067590,0,1,0,0,0,0,1,1,0,1,0,0,0,0,0,0,0,0,0,0,0,1,0,0,0,1,0,0,0,0,0,0,0,0,0,0,0,0,0,0,0,0,0,0.233199998736382,0.605500012636185,0,0.0651500001549721,0.327800005674362,0,0.0759499967098236,0.0647999991973241,0.309399992227554,0,0,0.295650005340576,0.288399994373322,0.160999998450279,0,0,0,0.113899996504188,57,256,1584,0,145.116594504708,-14.9056040579761
5080067680,0,0,0,1,0,0,1,1,0,0,1,0,0,0,0,0,0,0,1,0,0,0,0,0,0,0,0,0,0,0,0,0,0,0,0,0,0,0,0,0,0,0,0,0,0.5939000248909,0,0,0,0,0.151899993419647,0,0.263099998235703,0,0,0.211600005626678,0.270799994468689,0.171499997377396,0,0,0,0.0458999983966351,55,254,1832,0,145.26389543286,-15.267435265754
5080067700,0,0,0,0,0,1,0,0,0,0,0,0,0,0,0,0,0,0,0,0,0,0,0,0,0,0,0,0,0,0,0,0,0,0,0,0,0,0,0,0,0,0,0,0.343000014623006,0.556600004434586,0,0.115466669201851,0.168500006198883,0.147333333889643,0.105733330051104,0.0614000012477239,0.273233329256376,0,0.0205000005662441,0.274233331282934,0.3680333395799,0.125433330734571,0.0204000001152356,0,0,0.015299999465545,118,252,1711,0,145.10286734994,-15.3552737011729
5080067710,1,1,0,1,0,0,1,1,1,0,0,0,0,1,0,0,0,1,1,1,0,1,0,0,1,1,1,0,0,0,1,0,0,0,0,1,1,0,0,0,0,0,0,0.242500007152557,0.594150006771088,0,0.0789000019431114,0,0.221000000834465,0.158599995076656,0,0.256399996578693,0,0.0307500008493662,0.269199997186661,0.372950002551079,0.0857499986886978,0.0306000001728535,0,0,0.0229499991983175,45,255,1914,0,145.256275661498,-15.4836511426874
5080067720,1,1,1,1,1,1,0,1,1,0,1,0,0,1,0,1,0,1,0,1,0,1,0,0,1,1,1,0,0,0,1,1,0,1,0,1,0,0,1,1,0,0,0,0.485000014305115,0.594399988651276,0,0.157800003886223,0,0.44200000166893,0.165299996733665,0,0.249699994921684,0,0.0615000016987324,0.326799988746643,0.475100010633469,0,0.0612000003457069,0,0,0,202,248,1770,0,145.163403051445,-15.644661945691
5080067730,1,0,1,1,1,1,1,1,0,0,1,1,0,1,0,0,0,0,1,0,0,1,1,0,1,1,1,1,0,0,0,0,0,1,0,1,1,1,0,0,0,0,0,0.451050013303757,0.591199994087219,0.031300000846386,0.0966500025242567,0.316599994897842,0.488949999213219,0.295799992978573,0.0921000018715858,0.258500002324581,0,0.12164999730885,0.348749995231628,0.387800008058548,0.032200001180172,0.0910999998450279,0,0.253749996423721,0.0451500006020069,263,243,1930,0,145.339828572577,-15.9579073533888
5080067770,1,1,0,1,1,1,0,1,0,0,1,0,1,1,0,0,0,1,1,1,1,0,1,0,0,1,0,1,0,0,0,0,1,0,0,1,1,1,0,0,0,0,0,0.417100012302399,0.587999999523163,0.0626000016927719,0.0355000011622906,0.633199989795685,0.535899996757507,0.42629998922348,0.184200003743172,0.267300009727478,0,0.181799992918968,0.370700001716614,0.300500005483627,0.0644000023603439,0.120999999344349,0,0.507499992847443,0.0903000012040138,432,235,1778,0,145.214749069332,-16.1872477338913
5080067780,1,1,1,1,1,1,1,1,0,1,1,1,1,1,0,1,0,1,1,1,0,0,0,0,0,1,1,1,0,0,1,0,0,1,0,1,0,1,0,0,0,0,0,0.453533341487249,0.555233339468638,0.185833329955737,0.0828333335618178,0.614300012588501,0.588733335336049,0.520866672197978,0.190999999642372,0.196000002324581,0,0.170099998513858,0.221733331059416,0.222100006726881,0.021466667453448,0.109499998390675,0,0.169166664282481,0.167500001688798,313,237,1969,0,145.419106340444,-16.5164231618673
5080067860,1,1,1,1,1,0,1,0,1,1,1,1,1,1,0,1,1,1,1,1,0,1,0,0,1,1,1,0,0,0,0,1,1,0,0,1,0,1,1,1,0,0,0,0.407900005578995,0.576200008392334,0.494899988174438,0.0203000009059906,0.668600022792816,0.707400023937225,0.738600015640259,0.194399997591972,0.0759999975562096,0,0.230700001120567,0.0248000007122755,0.00490000005811453,0,0.153899997472763,0,0,0.412200003862381,9,248,2154,0,145.724416050366,-16.8227546005527
5080067870,1,1,0,1,0,1,1,1,0,0,1,1,1,1,1,0,0,1,1,1,0,0,0,0,0,0,1,1,0,0,0,0,0,0,0,0,0,1,0,0,0,0,0,0.484075002372265,0.540475010871887,0.274700000882149,0.124125001952052,0.593500003218651,0.590874999761581,0.523725003004074,0.194399997591972,0.212899995967746,0,0.162525001913309,0.210025000851601,0.218500008573756,0,0.118074998259544,0,0.356949999928474,0.148000001907349,563,219,1960,11,145.530547266769,-17.027752983891
5080067880,1,1,1,1,1,1,1,1,0,1,1,1,1,1,1,0,0,1,1,1,1,0,1,1,0,1,1,0,1,0,0,1,0,1,0,1,1,1,0,0,1,0,0,0.432799994945526,0.60180002450943,0.440100014209747,0.069300003349781,0.658999979496002,0.564599990844727,0.511699974536896,0.194399997591972,0.228499993681908,0,0.180600002408028,0.231600001454353,0.233700007200241,0,0.16609999537468,0,0.682799994945526,0.179800003767014,297,228,3014,1,145.832459909554,-17.2121519972964
5080067950,0,1,0,0,0,1,0,1,0,0,1,0,0,0,0,0,0,0,1,0,0,0,0,0,0,1,0,0,0,0,0,0,0,0,0,0,0,1,0,0,0,0,0,0,0.581300020217896,0.0626000016927719,0,0.634700000286102,0.547500014305115,0.402300000190735,0.0921000018715858,0.264699995517731,0,0.189300000667572,0.254299998283386,0.416500002145767,0,0.218400001525879,0,0.508300006389618,0,19,237,3371,4,146.080272586777,-17.6345381914529
5080067980,0,1,0,0,0,0,1,1,0,1,0,1,0,0,0,0,0,0,0,0,0,0,0,0,0,0,0,0,0,0,0,0,0,0,0,0,0,0,0,0,0,0,0,0,0.581300020217896,0.0626000016927719,0,0.634700000286102,0.547500014305115,0.402300000190735,0.0921000018715858,0.264699995517731,0,0.189300000667572,0.254299998283386,0.416500002145767,0,0.218400001525879,0,0.508300006389618,0,236,228,3121,2,145.934085147521,-17.7400197506712
5080067990,1,1,0,1,0,1,1,1,0,1,1,1,1,1,0,0,0,0,1,0,0,1,0,0,0,1,0,1,0,0,0,1,0,0,0,0,0,1,0,0,0,0,0,0,0.581300020217896,0.0626000016927719,0,0.634700000286102,0.547500014305115,0.402300000190735,0.0614000012477239,0.264699995517731,0,0.189300000667572,0.254299998283386,0.416500002145767,0,0.218400001525879,0,0.508300006389618,0,51,237,3094,3,146.051933389411,-17.8669640239705
5080068080,0,0,0,0,0,0,0,1,0,1,0,0,0,0,0,0,0,0,0,0,0,0,0,0,0,0,0,0,0,0,0,0,0,0,0,0,0,0,0,0,0,0,0,0,0.534700006246567,0.134900003671646,0,0.576099991798401,0.54245001077652,0.316299997270107,0.122800002495448,0.269400000572205,0,0.187049999833107,0.127149999141693,0.271499998867512,0,0.204450003802776,0,0.254150003194809,0.0430999994277954,172,234,2271,3,145.856333966819,-18.0958428160953
5080068090,0,1,0,0,0,0,1,1,0,0,1,0,1,0,0,0,0,0,1,0,0,0,0,0,0,0,0,0,0,0,0,0,0,0,0,0,0,0,0,0,0,0,0,0,0.488099992275238,0.20720000565052,0,0.517499983310699,0.537400007247925,0.23029999434948,0.0921000018715858,0.274100005626678,0,0.184799998998642,0,0.126499995589256,0,0.190500006079674,0,0,0.0861999988555908,10,241,2388,3,145.99966577576,-18.1657448729487
5080068150,1,1,1,1,1,1,1,1,1,1,1,1,1,1,1,0,0,1,1,0,1,1,1,0,1,1,1,0,0,0,0,0,0,0,0,1,1,1,1,0,0,0,0,0.442200005054474,0.636900007724762,0.447100013494492,0.0961999967694283,0,0.506399989128113,0.462300002574921,0,0.327300012111664,0,0.171800002455711,0.26800000667572,0.387600004673004,0,0.154200002551079,0,0.498299986124039,0.125400006771088,33,240,1936,22,146.3524153795,-18.6856407930923
5080068200,1,1,1,1,1,1,1,1,0,1,1,1,0,1,1,0,0,0,1,0,0,1,0,1,1,0,1,0,1,0,0,1,0,0,0,1,0,1,0,0,0,0,0,0.54746667544047,0.50560000538826,0.58256666858991,0.177866665025552,0.266733338435491,0.44653332233429,0.496533344189326,0.125800003608068,0.45676667491595,0,0.207999999324481,0.400066663821538,0.498300005992254,0,0.155400002996127,0,0.30033333102862,0.257233326633771,208,233,1155,3,146.404520214782,-19.0963356121441
5080068270,1,1,1,1,1,0,1,1,1,1,1,1,1,1,1,0,0,1,1,1,1,1,1,1,1,1,1,0,1,0,0,1,1,1,0,1,0,1,0,0,0,0,0,0.588800013065338,0.475800007581711,0.756900012493134,0.221599996089935,0.436800003051758,0.833199977874756,0.816600024700165,0.188700005412102,0.557200014591217,0,0.452199995517731,0.527599990367889,0.751800000667572,0,0.312000006437302,0,0.402700006961823,0.542599976062775,55,239,1071,0,146.716254873208,-19.2773219710795
5080068310,1,1,0,1,0,0,1,1,0,1,1,1,0,1,1,0,0,1,1,0,0,0,0,1,0,1,1,0,0,0,1,0,0,0,0,0,0,0,0,0,0,0,0,0.665450006723404,0.408299997448921,0.72885000705719,0.271850004792213,0.337999999523163,0.659499987959862,0.506150014698505,0.188700005412102,0.590250015258789,0,0.283999998122454,0.574050009250641,0.540900006890297,0,0.217100001871586,0,0.392599999904633,0.271299988031387,147,235,918,1,146.757439555166,-19.4928062185772
5080068320,1,1,1,1,1,0,1,0,0,1,1,1,1,1,1,0,0,1,1,1,0,1,1,0,1,1,1,0,1,0,0,0,0,0,0,1,0,1,0,0,0,0,0,0.588800013065338,0.475800007581711,0.756900012493134,0.221599996089935,0.436800003051758,0.833199977874756,0.816600024700165,0.188700005412102,0.557200014591217,0,0.452199995517731,0.527599990367889,0.751800000667572,0,0.312000006437302,0,0.402700006961823,0.542599976062775,69,238,1046,1,146.85678059399,-19.3492293491615
5080068340,0,0,0,1,0,0,0,0,0,0,0,0,0,0,0,0,0,1,0,0,0,1,1,0,0,1,0,0,0,0,0,0,0,0,0,1,0,0,1,0,0,0,0,0.588800013065338,0.475800007581711,0.756900012493134,0.221599996089935,0.436800003051758,0.833199977874756,0.816600024700165,0.188700005412102,0.557200014591217,0,0.452199995517731,0.527599990367889,0.751800000667572,0,0.312000006437302,0,0.402700006961823,0.542599976062775,127,235,1057,1,146.970084383107,-19.3806971194272
5080068350,1,1,0,1,0,0,1,1,0,1,1,1,0,0,0,1,0,1,1,0,1,0,0,0,0,0,0,0,1,0,0,0,0,0,0,0,0,0,0,0,0,0,0,0.588800013065338,0.475800007581711,0.756900012493134,0.221599996089935,0.436800003051758,0.833199977874756,0.816600024700165,0.188700005412102,0.557200014591217,0,0.452199995517731,0.527599990367889,0.751800000667572,0,0.312000006437302,0,0.402700006961823,0.542599976062775,56,238,1135,0,147.046904030889,-19.3047080501498
5080068380,1,1,1,1,1,0,1,1,1,1,1,1,0,1,1,1,0,1,1,0,1,1,1,0,1,1,1,0,1,0,0,0,0,0,0,1,0,0,0,0,0,0,0,0.562400003274282,0.540066659450531,0.502366662025452,0.206766669948896,0.513866662979126,0.47393332918485,0.301966667175293,0.188700005412102,0.51876666645209,0,0.0993000020583471,0.458566675583522,0.277166670498749,0,0.0890999982754389,0,0.282966663440069,0.171066671609879,32,239,1006,26,147.23536580543,-19.6546428451873
5080068460,0,1,0,0,1,0,0,0,0,0,1,0,0,0,0,0,0,0,0,0,0,0,0,0,0,0,1,0,0,0,0,0,0,0,0,1,0,0,0,0,0,0,0,0.472550004720688,0.639699995517731,0.403149992227554,0.149099998176098,0.651199996471405,0.467999994754791,0.355099998414516,0.188700005412102,0.466499991714954,0,0.0910500027239323,0.377599999308586,0.250749999191612,0,0.0725499987602234,0,0.233199998736382,0.256600007414818,7,240,981,25,147.520153853294,-19.6987962557613
5080068470,0,0,0,1,0,0,1,0,0,1,1,1,0,1,0,0,0,1,0,0,1,1,0,1,0,0,0,0,1,0,0,0,0,0,0,1,0,0,0,0,0,0,0,0.472550004720688,0.639699995517731,0.403149992227554,0.149099998176098,0.651199996471405,0.467999994754791,0.355099998414516,0.188700005412102,0.466499991714954,0,0.0910500027239323,0.377599999308586,0.250749999191612,0,0.0725499987602234,0,0.233199998736382,0.256600007414818,26,239,931,17,147.455020448895,-19.7679231133822
5080068480,0,1,1,0,0,0,1,0,0,0,1,1,0,1,0,0,0,1,0,0,1,0,0,0,0,0,0,0,0,0,0,0,0,0,0,1,0,0,0,0,0,0,0,0.575266679128011,0.536333332459132,0.416799992322922,0.222200001279513,0.5067999958992,0.311999996503194,0.236733332276344,0.187200004855792,0.527066652973493,0,0.0607000018159548,0.47913333773613,0.278399999874334,0,0.0483666658401489,0,0.155466665824254,0.171066671609879,48,238,902,3,147.577099870621,-19.8667144043226
5080068540,1,1,0,1,1,0,1,0,0,1,1,1,0,1,1,0,0,1,1,0,1,1,1,0,1,1,1,0,1,0,0,0,0,1,0,0,0,0,0,0,0,0,0,0.627500012516975,0.416650012135506,0.222049996256828,0.237050004303455,0.385899990797043,0.218899995088577,0.0786999985575676,0.186450004577637,0.412599988281727,0,0.0283499993383884,0.417900010943413,0.174250000622123,0,0.0234999991953373,0,0,0.15395000576973,95,236,860,3,147.648584057788,-20.0004662587063
5080068550,0,1,0,1,0,0,1,0,0,1,1,0,0,0,0,0,0,0,0,0,0,1,0,0,0,0,0,0,0,0,0,0,0,0,0,0,0,0,0,0,0,0,0,0.474299997091293,0.503700017929077,0,0.105700001120567,0.553799986839294,0.437799990177155,0.157399997115135,0.188700005412102,0.177000001072884,0,0.0566999986767769,0.153600007295609,0.0148000000044703,0,0.0469999983906746,0,0,0.307900011539459,86,237,914,1,147.768431611624,-19.9058488658334
5080068580,0,1,0,0,0,0,0,1,0,0,1,0,0,0,0,0,0,0,1,0,0,0,0,0,0,0,0,0,0,0,0,0,0,0,0,0,0,1,0,0,0,0,0,0.627500012516975,0.416650012135506,0.222049996256828,0.237050004303455,0.385899990797043,0.218899995088577,0.0786999985575676,0.186450004577637,0.412599988281727,0,0.0283499993383884,0.417900010943413,0.174250000622123,0,0.0234999991953373,0,0,0.15395000576973,111,235,871,0,147.853312571594,-20.0657814083616
5080068590,1,1,1,1,1,0,1,1,0,0,1,1,0,1,1,0,0,1,1,1,1,1,1,0,1,1,1,0,1,0,0,1,1,1,0,1,0,0,0,0,0,0,0,0.643566677967707,0.466433336337407,0.362166672945023,0.311233336726824,0.437866667906443,0.34363333384196,0.168299997846285,0.139275003224611,0.481533333659172,0,0.0951999997099241,0.510266671578089,0.311500008838872,0,0.0530666659275691,0,0.128766665856043,0.228100001811981,42,239,916,1,147.9847179943,-19.9834312734464
5080068640,1,1,1,1,1,0,0,0,0,0,1,0,1,1,0,1,0,1,0,1,1,1,1,0,1,1,1,0,1,0,1,1,0,1,0,1,0,0,0,0,0,0,0,0.728200018405914,0.447799995541573,0.543250009417534,0.414000004529953,0.379900008440018,0.296550005674362,0.173749998211861,0.122800002495448,0.633799999952316,0,0.114450000226498,0.68860000371933,0.459850013256073,0,0.0560999996960163,0,0.193149998784065,0.188199996948242,82,237,902,10,148.046812676449,-20.121931273916
5080068660,0,0,0,0,1,0,1,0,0,0,0,0,0,1,0,0,0,0,1,0,0,1,0,0,1,0,0,0,0,0,0,1,0,0,0,1,0,0,0,0,0,0,0,0.675700008869171,0.565999984741211,0.642400026321411,0.459600001573563,0.541800022125244,0.593100011348724,0.347499996423721,0.184200003743172,0.619400024414062,0,0.228900000452995,0.694999992847443,0.586000025272369,0,0.112199999392033,0,0.38629999756813,0.376399993896484,200,229,954,2,148.140924435621,-20.3487153917344
5080068670,1,1,1,1,1,0,1,1,1,1,1,1,1,1,1,1,1,1,1,1,1,1,1,1,1,1,1,0,1,1,1,1,1,1,1,1,0,1,0,1,1,1,0,0.675700008869171,0.565999984741211,0.642400026321411,0.459600001573563,0.541800022125244,0.593100011348724,0.347499996423721,0.0921000018715858,0.619400024414062,0,0.228900000452995,0.694999992847443,0.586000025272369,0,0.112199999392033,0,0.38629999756813,0.376399993896484,44,239,1008,5,148.262206349677,-20.1392724883485
5080068740,1,1,0,1,1,0,1,1,0,1,1,0,1,1,1,0,0,1,1,1,0,1,0,0,1,1,1,0,0,0,1,1,0,1,0,1,0,0,0,0,0,0,0,0.459300011396408,0.538800001144409,0.486299991607666,0.100500002503395,0.607400000095367,0.532999992370605,0.445899993181229,0.184200003743172,0.109099999070168,0,0.174099996685982,0.120700001716614,0.182099997997284,0,0.106499999761581,0,0.519500017166138,0.133599996566772,93,232,1367,2,148.744407127296,-20.2742830743151
5080068820,0,0,0,0,0,0,0,0,0,0,0,0,0,0,0,0,0,0,0,0,0,0,0,0,0,0,1,0,0,0,0,0,0,0,0,0,0,0,0,0,0,0,0,0.60402499884367,0.509374998509884,0.529200002551079,0.301175002008677,0.507125005125999,0.541175000369549,0.301049996167421,0.189300000667572,0.428775008767843,0,0.182524997740984,0.447124995291233,0.374524999409914,0,0.101599998772144,0,0.273650005459785,0.208124995231628,97,233,1252,12,148.483227775248,-20.4128858472823
5080068830,0,1,0,0,0,0,1,1,0,1,1,0,0,0,0,0,0,0,0,0,0,0,0,1,0,0,0,0,0,0,0,0,0,0,0,0,0,0,0,0,0,0,0,0.580133328835169,0.490500003099442,0.491466661294301,0.248366668820381,0.495566666126251,0.52386666337649,0.285566662748655,0.190999999642372,0.36523333688577,0,0.167066663503647,0.36449999610583,0.304033324122429,0,0.0980666652321815,0,0.236100008090337,0.15203332901001,18,235,1409,12,148.608545338368,-20.5236925059837
5080068880,1,1,0,1,1,1,1,1,0,1,1,0,0,1,0,0,0,1,1,1,0,1,0,0,1,1,1,0,1,0,1,1,0,0,0,1,0,0,0,1,0,0,0,0.528699994087219,0.455799996852875,0.586600005626678,0.148900002241135,0.457800000905991,0.498100012540817,0.271499991416931,0.194399997591972,0.321000009775162,0,0.130300000309944,0.257299989461899,0.19709999859333,0,0.0738999992609024,0,0,0.322499990463257,59,230,1574,16,148.711250113061,-20.777411096384
5080068920,1,1,1,1,1,0,1,1,0,1,1,1,1,1,1,0,0,1,1,0,1,1,1,0,0,1,1,1,1,1,1,1,0,1,0,1,0,0,0,0,0,0,0,0.37420000632604,0.487233330806096,0.615766684214274,0.126266668240229,0.29859999815623,0.56439999739329,0.469633320967356,0.0957750007510185,0.326166674494743,0,0.183666666348775,0.283533324797948,0.347399994730949,0,0.128933335343997,0,0.316299989819527,0.237466663122177,42,226,1692,16,149.091485880461,-20.9735435657549
5080069000,1,1,1,1,1,0,1,1,0,1,1,1,1,1,1,0,0,1,1,1,0,1,1,0,1,1,1,1,1,0,1,1,1,0,0,1,0,1,0,1,0,0,0,0.29695001244545,0.502949997782707,0.630350023508072,0.114950001239777,0.218999996781349,0.597549989819527,0.568699985742569,0.0943500027060509,0.328750006854534,0,0.210349999368191,0.296649992465973,0.422549992799759,0,0.156450003385544,0,0.47444998472929,0.194949999451637,20,225,1699,33,149.103776069693,-21.1982688896168
5080069040,1,1,1,1,1,0,1,0,0,0,1,0,0,1,1,0,0,1,0,1,1,0,0,0,1,1,1,0,1,0,1,1,0,0,0,1,0,0,0,1,0,0,0,0.29695001244545,0.502949997782707,0.630350023508072,0.114950001239777,0.218999996781349,0.597549989819527,0.568699985742569,0.0943500027060509,0.328750006854534,0,0.210349999368191,0.296649992465973,0.422549992799759,0,0.156450003385544,0,0.47444998472929,0.194949999451637,82,223,1519,40,148.982462737079,-21.2594409756878
5080069050,1,1,1,1,1,0,1,1,0,1,1,0,0,1,1,0,0,1,1,1,1,0,0,0,1,1,1,0,1,1,1,1,1,0,0,1,0,0,0,1,0,0,0,0,0.534799993038177,0.53030002117157,0,0,0.695299983024597,0.715399980545044,0,0.110699996352196,0,0.256300002336502,0,0.485799998044968,0,0.135800004005432,0,0.248999997973442,0.389899998903275,66,223,1637,24,149.195081026749,-21.3921472777842
5080069100,1,1,1,1,1,1,1,0,0,0,1,0,0,1,1,0,0,1,1,1,1,1,1,0,1,1,1,0,1,1,1,1,1,0,0,1,0,0,0,1,0,1,0,0.322050005197525,0.458899989724159,0.610449999570847,0.119249999523163,0,0.664599984884262,0.479399986565113,0,0.324800007045269,0,0.291850000619888,0.23004999756813,0.379050001502037,0,0.152249999344349,0,0.124499998986721,0.336349993944168,76,223,1385,21,149.271361237604,-21.6160320292539
5080069110,1,1,1,1,1,1,1,1,0,1,1,1,1,1,1,0,0,1,1,0,0,1,1,0,1,1,1,0,1,0,1,1,1,0,0,1,0,0,0,1,0,0,0,0.64410001039505,0.382999986410141,0.690599977970123,0.238499999046326,0,0.633899986743927,0.243399992585182,0,0.538900017738342,0,0.327399998903275,0.460099995136261,0.272300004959106,0,0.168699994683266,0,0,0.282799988985062,84,223,1135,6,149.433527734275,-21.895408067098
5080069400,0,1,0,1,1,0,1,1,0,0,0,0,0,1,1,0,0,1,1,0,0,0,0,0,0,1,1,0,0,0,0,0,0,0,0,1,0,0,0,0,0,0,0,0.636900007724762,0.314900010824203,0.517000019550323,0.174300000071526,0.19310000538826,0,0.365299999713898,0.0388799995183945,0.730499982833862,0.0700000002980232,0,0.448199987411499,0.435699999332428,0,0,0,0,0.02280000038445,45,226,1018,0,150.145379760852,-22.3260413973948
5080069470,1,1,0,1,0,0,1,1,0,1,1,1,0,1,1,0,0,1,1,0,0,0,0,0,0,1,1,0,0,0,0,0,0,0,0,0,0,0,0,0,0,0,0,0.581299990415573,0.311149999499321,0.440500006079674,0.124699998646975,0.187700003385544,0,0.265299998223782,0,0.745099991559982,0.0350000001490116,0,0.349999994039536,0.378700003027916,0,0,0,0,0.0424999995157123,42,227,1077,0,150.617098186759,-22.4747921904979
5080069550,1,1,1,1,1,1,1,1,0,1,1,1,1,1,1,0,0,1,1,1,1,1,1,0,1,1,1,0,1,1,1,1,1,1,1,1,0,0,0,1,0,1,0,0.464300006628036,0.731800019741058,0.448399990797043,0.152799993753433,0.703400015830994,0.615299999713898,0.656000018119812,0.188700005412102,0.856000006198883,0.0693999975919724,0.202399998903275,0.864099979400635,0.639400005340576,0,0.11370000243187,0,0.62279999256134,0.112300001084805,31,223,1061,1,150.766383693916,-23.2460356959866
5080069680,0,1,1,1,0,0,1,1,0,0,1,0,0,1,1,0,0,0,0,0,0,1,0,0,0,1,1,0,1,1,0,0,0,0,0,0,0,0,0,0,0,0,0,0.526799976825714,0.513899981975555,0.445100009441376,0.177699998021126,0,0.674000024795532,0.656700015068054,0,0.70990002155304,0,0.265899986028671,0.502099990844727,0.465299993753433,0,0.244000002741814,0,0.720600008964539,0.49099999666214,29,226,845,0,151.158511055401,-23.6620661934855
5080069710,1,1,0,1,0,0,1,0,0,0,1,0,0,1,1,0,0,1,1,0,0,0,0,0,0,1,1,0,1,1,0,0,0,0,0,0,0,0,0,0,0,0,0,0.745699986815453,0.312074992805719,0.627350002527237,0.285899996757507,0.0752249974757433,0.635725013911724,0.409850001335144,0.145799998193979,0.881375014781952,0.133475005626678,0.380075000226498,0.746449992060661,0.613775007426739,0,0.457225006073713,0,0.402924999594688,0.339074991643429,112,218,824,0,150.982751297629,-24.0220241264405
5080069720,1,1,1,1,1,0,1,1,0,1,1,0,0,1,1,0,0,1,1,1,0,0,1,0,1,1,1,0,1,1,1,1,1,1,1,1,1,0,0,0,0,0,0,0.526799976825714,0.513899981975555,0.445100009441376,0.177699998021126,0,0.674000024795532,0.656700015068054,0,0.70990002155304,0,0.265899986028671,0.502099990844727,0.465299993753433,0,0.244000002741814,0,0.720600008964539,0.49099999666214,29,226,915,0,151.282407113203,-23.9010684542836
5080069740,1,1,1,1,1,1,0,0,0,0,1,0,0,1,1,0,0,1,1,0,0,0,1,0,1,1,1,0,1,0,1,1,0,1,0,1,0,0,0,1,0,0,0,0.858200013637543,0.276699990034103,0.6564000248909,0.411199986934662,0.109899997711182,0.654900014400482,0.227400004863739,0.194399997591972,0.943599998950958,0.533900022506714,0.501900017261505,0.861299991607666,0.606500029563904,0,0.504000008106232,0,0,0.511699974536896,220,210,924,0,151.247370250549,-24.3326656740797
5080069750,1,1,1,1,1,1,1,1,0,1,1,1,0,1,1,0,0,1,1,1,0,1,1,0,0,1,1,1,0,0,1,1,0,1,0,1,0,0,0,0,0,0,0,0.685300007462502,0.426299996674061,0.588500007987022,0.287499997764826,0.0998999997973442,0.679425001144409,0.454425007104874,0.0647999991973241,0.876925006508827,0.211625008145347,0.43792499601841,0.778174996376038,0.595049999654293,0.123075000941753,0.479849997907877,0.0826499983668327,0.488525003194809,0.418299995362759,35,222,1115,0,151.705763824554,-24.1713349050019
5080069860,0,0,0,0,0,0,0,0,0,0,1,0,0,0,0,0,0,0,0,0,0,0,0,0,0,1,0,0,0,0,0,0,0,0,0,0,0,0,0,0,0,0,0,0.693000018596649,0.422500014305115,0.375800013542175,0.292899996042252,0.289700001478195,0.572499990463257,0.271200001239777,0.194399997591972,0.899200022220612,0.304300010204315,0.423000007867813,0.811900019645691,0.524999976158142,0,0.472900003194809,0,0.527199983596802,0.2466000020504,106,215,1100,0,151.699777267121,-24.4714715982478
5080069870,1,1,0,1,0,1,0,0,0,0,1,0,0,1,1,0,0,1,0,0,0,0,0,0,0,1,1,0,1,1,0,0,0,0,0,0,0,0,0,0,0,0,0,0.780050009489059,0.33304999768734,0.847299993038177,0.348450005054474,0.0350500009953976,0.771200001239777,0.455400004982948,0.0971999987959862,0.93164998292923,0.00414999993517995,0.513049989938736,0.900499999523163,0.657299995422363,0.246150001883507,0.607349991798401,0.165299996733665,0.710750013589859,0.2119500041008,41,216,1089,5,152.058869330756,-24.6573583703984
5080069920,1,1,1,1,1,1,1,1,0,1,1,1,1,1,1,0,0,1,1,0,0,1,1,0,0,1,1,0,0,1,0,1,0,1,0,0,0,0,0,0,1,0,0,0.6632000207901,0.49210000038147,0.876699984073639,0.268200010061264,0,0.816299974918365,0.662400007247925,0,0.954999983310699,0.0082999998703599,0.560899972915649,0.937399983406067,0.783399999141693,0.492300003767014,0.698499977588654,0.330599993467331,0.706300020217896,0.423900008201599,13,217,1101,33,152.282922884336,-24.7519645705945
5080069960,1,1,0,0,0,0,1,0,0,0,1,0,0,0,1,0,0,0,1,0,0,0,0,0,0,1,0,0,0,0,0,0,0,0,0,0,0,0,0,0,0,0,0,0.734366675217946,0.364300002654393,0.828499992688497,0.27476666867733,0.0982666648924351,0.724733332792918,0.402933339277903,0.125800003608068,0.954666654268901,0.0067999999349316,0.558933317661285,0.875133335590363,0.670733332633972,0.164100001255671,0.687799990177155,0.244699994723002,0.526400009791056,0.213000004490217,69,212,1029,21,152.105887849919,-25.0130519794865
5080069970,1,1,1,1,1,1,1,1,0,1,1,1,1,1,1,0,0,1,1,0,1,1,0,0,1,1,1,0,1,1,1,1,0,1,0,0,0,0,0,0,0,0,0,0.6632000207901,0.49210000038147,0.876699984073639,0.268200010061264,0,0.816299974918365,0.662400007247925,0,0.954999983310699,0.0082999998703599,0.560899972915649,0.937399983406067,0.783399999141693,0.492300003767014,0.698499977588654,0.330599993467331,0.706300020217896,0.423900008201599,15,216,1112,35,152.444418679644,-24.8437813318047
5080069990,0,1,0,0,0,0,0,0,0,0,0,0,0,0,0,0,0,0,0,0,0,0,0,0,0,0,0,0,0,0,0,0,0,0,0,0,0,0,0,0,0,0,0,0.736800014972687,0.324550002813339,0.9028500020504,0.255550004541874,0.0295499991625547,0.806549996137619,0.505450010299683,0.0943500027060509,0.949449986219406,0.00414999993517995,0.592149972915649,0.834349989891052,0.68215000629425,0.246150001883507,0.680049985647202,0.165299996733665,0.789600014686584,0.319500006735325,38,214,1072,32,152.331784842329,-24.9798922859048
5080070010,0,1,0,0,0,0,1,0,0,1,1,0,0,0,1,0,0,0,1,0,0,0,0,0,0,0,0,0,0,0,0,0,0,0,0,0,0,0,0,0,0,0,0,0.70770001411438,0.229300007224083,0.495800010859966,0.191500000655651,0.11849999986589,0.825150012969971,0.468400001525879,0.188700005412102,0.905499994754791,0,0.56784999370575,0.562849998474121,0.401250004768372,0.404100000858307,0.606399983167648,0,0.492650005966425,0.303600005805492,18,215,1095,7,152.459971389623,-25.0828647470801
5080070020,0,1,1,1,0,0,1,0,0,0,1,0,0,1,1,0,0,1,1,0,0,1,1,0,0,1,1,0,0,1,0,0,0,0,0,0,0,0,0,0,0,0,0,0.605000019073486,0.301600009202957,0.0626000016927719,0.140100002288818,0.17790000140667,0.853500008583069,0.588299989700317,0.188700005412102,0.86710000038147,0,0.51230001449585,0.394400000572205,0.221599996089935,0.808200001716614,0.551199972629547,0,0.112400002777576,0.392100006341934,5,216,1125,0,152.591153364079,-25.1407568461215
5080070040,1,1,1,1,1,1,1,1,0,1,1,1,1,1,1,0,1,1,1,1,1,1,1,0,1,1,1,0,1,1,1,1,1,1,0,1,1,0,0,0,1,1,0,0.605000019073486,0.301600009202957,0.0626000016927719,0.140100002288818,0.17790000140667,0.853500008583069,0.588299989700317,0.188700005412102,0.86710000038147,0,0.51230001449585,0.394400000572205,0.221599996089935,0.808200001716614,0.551199972629547,0,0.112400002777576,0.392100006341934,17,216,1176,4,152.72659536862,-25.2945232760794
5080070080,0,1,0,1,0,0,1,0,0,1,1,0,0,1,1,0,0,1,0,0,1,0,0,0,0,1,1,0,1,1,0,0,0,0,0,0,0,0,0,0,0,0,0,0.605000019073486,0.301600009202957,0.0626000016927719,0.140100002288818,0.17790000140667,0.853500008583069,0.588299989700317,0.188700005412102,0.86710000038147,0,0.51230001449585,0.394400000572205,0.221599996089935,0.808200001716614,0.551199972629547,0,0.112400002777576,0.392100006341934,18,216,1202,7,152.779162347014,-25.3841490877587
5080070220,1,1,0,1,0,0,1,1,0,0,1,1,0,1,1,0,0,0,1,0,0,1,0,0,0,1,1,0,1,0,0,1,0,1,0,0,0,0,0,0,0,0,0,0.542999982833862,0.40404999256134,0.643350005149841,0.11795000359416,0.284800000488758,0.787600010633469,0.608249992132187,0.124300003051758,0.907449990510941,0.128250002861023,0.504999995231628,0.656349986791611,0.643750011920929,0.628199994564056,0.549650013446808,0,0.861000001430511,0.0835499987006187,56,206,1540,1,152.974354231627,-26.2137067119969
5080070230,1,1,1,1,1,1,1,1,0,0,1,1,0,1,1,0,0,1,1,0,0,1,0,1,1,1,1,0,1,1,0,1,1,1,0,0,0,0,0,0,1,0,0,0.465099990367889,0.435699999332428,0.619700014591217,0.0507000014185905,0.319700002670288,0.778900027275085,0.656799972057343,0.0629000018040339,0.919399976730347,0.256500005722046,0.547699987888336,0.689499974250793,0.6007000207901,0.578000009059906,0.644900023937225,0,0.864099979400635,0,22,205,1769,0,153.061309381952,-26.4758569905672
5080070250,1,1,0,1,0,0,1,1,0,0,1,1,0,1,1,0,0,1,1,0,0,1,1,1,0,1,1,0,1,0,0,1,0,0,0,0,0,0,0,0,0,0,0,0.438249990344048,0.404249995946884,0.638150006532669,0.0282500006724149,0.296049997210503,0.809799998998642,0.683049976825714,0.0957750007510185,0.912149995565414,0.241850003600121,0.562849998474121,0.504749983549118,0.568450003862381,0.289000004529953,0.542600005865097,0,0.432049989700317,0,86,199,1760,2,152.965123133209,-26.5944938813504
5080070260,1,1,1,1,1,1,1,1,0,1,1,1,1,1,1,0,1,1,1,1,1,1,1,1,1,1,1,0,1,1,0,1,1,1,1,1,1,0,0,0,0,1,1,0.527899995446205,0.332049995660782,0.754949986934662,0.0876499966252595,0.220249995589256,0.904799997806549,0.80019998550415,0.0971999987959862,0.908749997615814,0.422599986195564,0.682799994945526,0.390349999070168,0.75094997882843,0,0.468449994921684,0,0.417849987745285,0,34,201,1591,1,153.030705663424,-26.8978180764224
5080070340,1,1,0,1,0,0,1,0,0,1,1,0,0,1,1,0,0,1,1,0,0,0,0,1,0,1,1,0,1,1,0,0,0,0,0,0,0,0,0,0,0,0,0,0.527899995446205,0.332049995660782,0.754949986934662,0.0876499966252595,0.220249995589256,0.904799997806549,0.80019998550415,0.129599998394648,0.908749997615814,0.422599986195564,0.682799994945526,0.390349999070168,0.75094997882843,0,0.468449994921684,0,0.417849987745285,0,89,198,1366,3,152.906034827888,-27.0944636058773
5080070350,1,1,1,1,1,0,1,1,0,1,1,1,1,1,1,0,1,1,1,1,1,1,1,1,1,1,1,0,1,1,0,1,1,1,0,1,1,0,0,0,1,1,0,0.644400000572205,0.291299998760223,0.853299975395203,0.16949999332428,0.168099999427795,0.9689000248909,0.891099989414215,0.0971999987959862,0.912599980831146,0.617999970912933,0.787599980831146,0.460700005292892,0.965699970722198,0,0.4966000020504,0,0.83569997549057,0,14,202,1293,1,153.043542756881,-27.2234569416845
5080070360,1,1,1,1,1,0,1,0,0,1,1,1,1,1,1,0,0,1,1,0,0,1,1,0,0,1,1,0,1,1,0,0,0,1,0,1,0,0,0,0,0,0,0,0.644400000572205,0.291299998760223,0.853299975395203,0.16949999332428,0.168099999427795,0.9689000248909,0.891099989414215,0.194399997591972,0.912599980831146,0.617999970912933,0.787599980831146,0.460700005292892,0.965699970722198,0,0.4966000020504,0,0.83569997549057,0,156,194,1265,1,152.854354312759,-27.2735938945708
5080070370,1,1,1,1,1,0,1,1,0,1,1,1,1,1,1,0,0,1,1,1,1,1,1,1,1,1,1,0,1,1,0,1,1,1,0,1,0,0,0,1,1,0,1,0.644400000572205,0.291299998760223,0.853299975395203,0.16949999332428,0.168099999427795,0.9689000248909,0.891099989414215,0.0971999987959862,0.912599980831146,0.617999970912933,0.787599980831146,0.460700005292892,0.965699970722198,0,0.4966000020504,0,0.83569997549057,0,17,202,1227,0,153.068846683716,-27.3652014398487
5080070400,1,1,1,1,1,1,1,1,0,1,1,1,1,1,1,0,1,1,1,1,1,1,1,1,1,1,1,0,1,1,0,1,1,1,1,1,0,0,0,0,1,1,1,0.638899981975555,0.469199985265732,0.831399977207184,0.294299989938736,0,0.953499972820282,0.964299976825714,0,0.837800025939941,0.593800008296967,0.723800003528595,0.70440000295639,0.908900022506714,0,0.517799973487854,0,0.199000000953674,0.139500007033348,29,200,1291,2,153.220603025323,-27.5410168320715
5080070440,0,1,0,0,0,0,0,0,0,0,0,0,0,0,1,0,0,0,0,0,0,0,0,0,0,0,0,0,0,0,0,0,0,0,0,0,0,0,0,0,0,0,0,0.638899981975555,0.469199985265732,0.831399977207184,0.294299989938736,0,0.953499972820282,0.964299976825714,0,0.837800025939941,0.593800008296967,0.723800003528595,0.70440000295639,0.908900022506714,0,0.517799973487854,0,0.199000000953674,0.139500007033348,20,200,1326,2,153.279945101646,-27.6839796632236
5080070450,1,1,1,1,1,1,1,1,0,1,1,1,1,1,1,0,0,1,1,0,0,1,0,1,0,1,1,0,1,1,0,0,0,1,0,1,0,0,0,0,0,0,0,0.638899981975555,0.469199985265732,0.831399977207184,0.294299989938736,0,0.953499972820282,0.964299976825714,0,0.837800025939941,0.593800008296967,0.723800003528595,0.70440000295639,0.908900022506714,0,0.517799973487854,0,0.199000000953674,0.139500007033348,43,201,1459,0,153.420847109736,-27.4586351448593
5080070500,1,1,0,0,0,0,1,0,0,0,0,0,0,0,0,0,0,0,1,0,0,0,0,0,0,1,0,0,0,0,0,0,0,0,0,0,0,0,0,0,0,0,0,0.638899981975555,0.469199985265732,0.831399977207184,0.294299989938736,0,0.953499972820282,0.964299976825714,0,0.837800025939941,0.593800008296967,0.723800003528595,0.70440000295639,0.908900022506714,0,0.517799973487854,0,0.199000000953674,0.139500007033348,2,200,1427,0,153.397229247035,-27.8439115048411
5080070510,0,1,0,0,0,0,0,0,0,0,1,0,0,0,0,0,0,0,0,0,0,0,0,0,0,0,0,0,0,1,0,0,0,0,0,0,0,0,0,0,0,0,0,0.676550000905991,0.453599989414215,0.741699993610382,0.359149992465973,0.216649994254112,0.930699974298477,0.906749993562698,0.240549996495247,0.774800002574921,0.604000002145767,0.656650006771088,0.639950007200241,0.824550002813339,0.183699995279312,0.492849990725517,0,0.0995000004768372,0.173650003969669,193,190,1441,1,153.252413005292,-27.9798993282253
5080070520,1,1,1,1,1,1,1,1,0,1,1,1,1,1,1,0,0,1,1,0,1,1,0,0,1,1,1,0,1,1,0,1,0,1,0,0,0,0,0,0,0,0,1,0.638899981975555,0.469199985265732,0.831399977207184,0.294299989938736,0,0.953499972820282,0.964299976825714,0,0.837800025939941,0.593800008296967,0.723800003528595,0.70440000295639,0.908900022506714,0,0.517799973487854,0,0.199000000953674,0.139500007033348,9,200,1475,0,153.40672295793,-27.8929013182023
5080070540,1,1,1,0,1,0,0,0,0,0,0,0,0,1,1,0,0,0,0,0,0,0,0,0,0,1,1,0,1,0,0,0,0,0,0,0,0,0,0,0,0,0,0,0.676550000905991,0.453599989414215,0.741699993610382,0.359149992465973,0.216649994254112,0.930699974298477,0.906749993562698,0.240549996495247,0.774800002574921,0.604000002145767,0.656650006771088,0.639950007200241,0.824550002813339,0.183699995279312,0.492849990725517,0,0.0995000004768372,0.173650003969669,195,189,1649,1,153.30824294456,-28.1017872704661
5080070550,1,1,1,0,1,0,1,1,0,0,1,1,0,1,1,0,0,0,1,0,0,0,1,1,0,1,1,0,1,0,0,1,1,1,0,0,1,0,0,0,1,0,0,0.676550000905991,0.453599989414215,0.741699993610382,0.359149992465973,0.216649994254112,0.930699974298477,0.906749993562698,0.320733328660329,0.774800002574921,0.604000002145767,0.656650006771088,0.639950007200241,0.824550002813339,0.183699995279312,0.492849990725517,0,0.0995000004768372,0.173650003969669,98,194,1771,2,153.434125969255,-28.1792542676592
5080231790,0,0,0,0,0,0,0,0,0,0,0,0,0,0,0,0,0,0,0,0,0,0,0,0,0,0,0,0,0,0,1,0,0,0,0,0,0,0,0,0,0,0,0,0.462299987673759,0.614500015974045,0.0130500001832843,0.112100001424551,0.626800000667572,0,0,0.186450004577637,0.55935001373291,0,0,0.327299997210503,0.208099998533726,0.0197000000625849,0,0,0.0314499996602535,0,17,267,1424,0,141.753290702344,-14.087584799919
5080233490,1,1,1,1,1,0,0,0,1,0,1,0,1,1,0,1,1,1,0,1,1,1,0,1,0,1,1,0,0,0,1,0,0,0,0,1,1,0,0,0,0,0,0,0.577325001358986,0.529249995946884,0.0926250023767352,0.263899998739362,0.549649998545647,0,0,0.191550001502037,0.394450005143881,0,0,0.422225002199411,0.209674996323884,0.124724995344877,0,0,0,0.13204999640584,73,259,1197,0,143.625501687058,-14.5667078127625
5080233500,0,0,0,0,0,0,0,0,0,0,0,0,0,1,0,0,0,1,0,0,0,0,0,0,0,0,0,0,0,0,1,0,0,0,0,0,0,0,0,0,0,0,0,0.562649995088577,0.532500013709068,0.0408999994397163,0.236949995160103,0.549699991941452,0,0,0.194399997591972,0.391849994659424,0,0,0.430999994277954,0.261849991977215,0.0975499972701073,0,0,0,0.124049998819828,6,262,1188,0,143.965871809562,-14.534633980381
5080233760,0,0,0,1,0,0,1,0,0,0,0,0,0,0,0,0,0,0,0,0,0,0,0,0,0,0,0,0,0,0,0,0,0,0,0,0,0,0,0,0,0,0,0,0.523699998855591,0.596400022506714,0.0408999994397163,0.214399993419647,0.620299994945526,0,0,0.194399997591972,0.420100003480911,0,0,0.473199993371964,0.275599986314774,0.195099994540215,0,0,0,0.248099997639656,69,260,1143,0,143.663082716739,-14.795028675689
5080254540,1,0,0,0,0,0,0,0,0,0,1,0,1,0,1,0,0,0,0,0,0,0,0,0,0,0,0,0,0,0,0,0,0,0,0,0,0,0,0,0,0,0,0,0,0.514299988746643,0,0,0,0,0,0,0.698300004005432,0,0,0,0.432099997997284,0,0,0,0,0,11,266,957,0,138.146248495975,-16.8115326102212
